Function,Synopsis,Syntax
Add-ADTEdgeExtension,Adds an extension for Microsoft Edge using the ExtensionSettings policy.,Add-ADTEdgeExtension [-ExtensionID] <String> [-UpdateUrl] <String> [-InstallationMode] <String> [[-MinimumVersionRequired] <String>] [<CommonParameters>]
Add-ADTModuleCallback,Adds a callback function to the nominated hooking point.,Add-ADTModuleCallback [-Hookpoint] <CallbackType> [-Callback] <CommandInfo[]> [<CommonParameters>]
Block-ADTAppExecution,Block the execution of an application(s).,Block-ADTAppExecution [-Processes] <ProcessDefinition[]> [[-WindowLocation] <DialogPosition>] [<CommonParameters>]
Clear-ADTModuleCallback,Clears the nominated hooking point of all callbacks.,Clear-ADTModuleCallback [-Hookpoint] <CallbackType> [<CommonParameters>]
Close-ADTInstallationProgress,Closes the dialog created by Show-ADTInstallationProgress.,Close-ADTInstallationProgress [<CommonParameters>]
Close-ADTSession,Closes the active ADT session.,Close-ADTSession [[-ExitCode] <Nullable`1>] [-NoShellExit] [-Force] [-PassThru] [<CommonParameters>]
Complete-ADTFunction,Completes the execution of an ADT function.,Complete-ADTFunction [-Cmdlet] <PSCmdlet> [<CommonParameters>]
Convert-ADTRegistryPath,Converts the specified registry key path to a format that is compatible with built-in PowerShell cmdlets.,Convert-ADTRegistryPath [-Key] <String> [[-SID] <String>] [-Wow6432Node] [<CommonParameters>]
Convert-ADTValuesFromRemainingArguments,Converts the collected values from a ValueFromRemainingArguments parameter value into a dictionary or PowerShell.exe command line arguments.,Convert-ADTValuesFromRemainingArguments [-RemainingArguments] <IReadOnlyList`1> [<CommonParameters>]
Convert-ADTValueType,Casts the provided value to the requested type without range errors.,Convert-ADTValueType [-Value] <Int64> [-To] <ValueTypes> [<CommonParameters>]
ConvertTo-ADTNTAccountOrSID,Convert between NT Account names and their security identifiers (SIDs).,ConvertTo-ADTNTAccountOrSID [-AccountName] <NTAccount> [-SID] <SecurityIdentifier> [-WellKnownSIDName] <WellKnownSidType> [-WellKnownToNTAccount] [-LocalHost] [-LdapUri] <String> [<CommonParameters>]
Copy-ADTContentToCache,Copies the toolkit content to a cache folder on the local machine and sets the $adtSession.DirFiles and $adtSession.DirSupportFiles directory to the cache path.,Copy-ADTContentToCache [[-LiteralPath] <String>] [<CommonParameters>]
Copy-ADTFile,Copies files and directories from a source to a destination.,Copy-ADTFile [-Path] <String[]> [-Destination] <String> [-Recurse] [-Flatten] [-ContinueFileCopyOnError] [[-FileCopyMode] <String>] [[-RobocopyParams] <String>] [[-RobocopyAdditionalParams] <String>] [<CommonParameters>]
Copy-ADTFileToUserProfiles,Copy one or more items to each user profile on the system.,Copy-ADTFileToUserProfiles [-Path] <String[]> [[-Destination] <String>] [[-BasePath] <String>] [-Recurse] [-Flatten] [[-FileCopyMode] <String>] [[-RobocopyParams] <String>] [[-RobocopyAdditionalParams] <String>] [-UserProfiles] <UserProfile[]> [[-ExcludeNTAccount] <String[]>] [-IncludeSystemProfiles] [-IncludeServiceProfiles] [-ExcludeDefaultUser] [-ContinueFileCopyOnError] [<CommonParameters>]
Disable-ADTTerminalServerInstallMode,Changes the current Remote Desktop Session Host/Citrix server to user execute mode.,Disable-ADTTerminalServerInstallMode [<CommonParameters>]
Dismount-ADTWimFile,Dismounts a WIM file from the specified mount point.,Dismount-ADTWimFile [-ImagePath] <FileInfo[]> [-Path] <DirectoryInfo[]> [<CommonParameters>]
Enable-ADTTerminalServerInstallMode,Changes the current Remote Desktop Session Host/Citrix server to user install mode.,Enable-ADTTerminalServerInstallMode [<CommonParameters>]
Export-ADTEnvironmentTableToSessionState,Exports the content of `Get-ADTEnvironmentTable` to the provided SessionState as variables.,Export-ADTEnvironmentTableToSessionState [[-SessionState] <SessionState>] [<CommonParameters>]
Get-ADTApplication,Retrieves information about installed applications.,Get-ADTApplication [[-Name] <String[]>] [[-NameMatch] <String>] [[-ProductCode] <Guid[]>] [[-ApplicationType] <String>] [-IncludeUpdatesAndHotfixes] [[-FilterScript] <ScriptBlock>] [<CommonParameters>]
Get-ADTBoundParametersAndDefaultValues,Returns a hashtable with the output of $PSBoundParameters and default-valued parameters for the given InvocationInfo.,Get-ADTBoundParametersAndDefaultValues [-Invocation] <InvocationInfo> [[-ParameterSetName] <String>] [[-HelpMessage] <String>] [[-Exclude] <String[]>] [-CommonParameters] [<CommonParameters>]
Get-ADTCommandTable,Returns PSAppDeployToolkit's safe command lookup table.,Get-ADTCommandTable [<CommonParameters>]
Get-ADTConfig,Retrieves the configuration data for the ADT module.,Get-ADTConfig [<CommonParameters>]
Get-ADTDeferHistory,Get the history of deferrals in the registry for the current application.,Get-ADTDeferHistory [<CommonParameters>]
Get-ADTEnvironment,Retrieves the environment data for the ADT module. This function has been replaced by [Get-ADTEnvironmentTable]. Please migrate your scripts as this will be removed in PSAppDeployToolkit 4.2.0.,Get-ADTEnvironment [<CommonParameters>]
Get-ADTEnvironmentTable,Retrieves the environment data for the ADT module.,Get-ADTEnvironmentTable [<CommonParameters>]
Get-ADTEnvironmentVariable,Gets the value of the specified environment variable.,Get-ADTEnvironmentVariable [-Variable] <String> [[-Target] <EnvironmentVariableTarget>] [<CommonParameters>]
Get-ADTExecutableInfo,Retrieves information about any valid Windows PE executable.,Get-ADTExecutableInfo [-Path] <String[]> [-LiteralPath] <String[]> [-InputObject] <FileInfo> [<CommonParameters>]
Get-ADTFileVersion,Gets the version of the specified file.,Get-ADTFileVersion [-File] <FileInfo> [-ProductVersion] [<CommonParameters>]
Get-ADTFreeDiskSpace,Retrieves the free disk space in MB on a particular drive (defaults to system drive).,Get-ADTFreeDiskSpace [[-Drive] <DriveInfo>] [<CommonParameters>]
Get-ADTIniSection,Parses an INI file and returns the specified section as an ordered hashtable of key value pairs.,Get-ADTIniSection [-FilePath] <String> [-Section] <String> [<CommonParameters>]
Get-ADTIniValue,Parses an INI file and returns the value of the specified section and key.,Get-ADTIniValue [-FilePath] <String> [-Section] <String> [-Key] <String> [<CommonParameters>]
Get-ADTLoggedOnUser,Retrieves session details for all local and RDP logged on users.,Get-ADTLoggedOnUser [<CommonParameters>]
Get-ADTModuleCallback,Returns all callbacks from the nominated hooking point.,Get-ADTModuleCallback [-Hookpoint] <CallbackType> [<CommonParameters>]
Get-ADTMsiExitCodeMessage,Get message for MSI exit code.,Get-ADTMsiExitCodeMessage [-MsiExitCode] <Nullable`1> [<CommonParameters>]
Get-ADTMsiTableProperty,Get all of the properties from a Windows Installer database table or the Summary Information stream and return as a custom object.,Get-ADTMsiTableProperty [-LiteralPath] <String> [[-TransformPath] <String[]>] [[-Table] <String>] [[-TablePropertyNameColumnNum] <Int32>] [[-TablePropertyValueColumnNum] <Int32>] [-GetSummaryInformation] [<CommonParameters>]
Get-ADTObjectProperty,Get a property from any object.,Get-ADTObjectProperty [-InputObject] <Object> [-PropertyName] <String> [[-ArgumentList] <Object[]>] [<CommonParameters>]
Get-ADTOperatingSystemInfo,Gets information about the current computer's operating system.,Get-ADTOperatingSystemInfo [<CommonParameters>]
Get-ADTPEFileArchitecture,Determine if a PE file is a 32-bit or a 64-bit file.,Get-ADTPEFileArchitecture [-Path] <String[]> [-LiteralPath] <String[]> [-InputObject] <FileInfo> [-PassThru] [<CommonParameters>]
Get-ADTPendingReboot,Get the pending reboot status on a local computer.,Get-ADTPendingReboot [<CommonParameters>]
Get-ADTPowerShellProcessPath,Retrieves the path to the PowerShell executable.,Get-ADTPowerShellProcessPath [<CommonParameters>]
Get-ADTPresentationSettingsEnabledUsers,Tests whether any users have presentation mode enabled on their device.,Get-ADTPresentationSettingsEnabledUsers [<CommonParameters>]
Get-ADTRegistryKey,"Retrieves value names and value data for a specified registry key or optionally, a specific value.",Get-ADTRegistryKey [-Path] <String> [-LiteralPath] <String> [[-Name] <String>] [-Wow6432Node] [[-SID] <String>] [-ReturnEmptyKeyIfExists] [-DoNotExpandEnvironmentNames] [<CommonParameters>]
Get-ADTRunningProcesses,Gets the processes that are running from a list of process objects.,Get-ADTRunningProcesses [-ProcessObjects] <ProcessDefinition[]> [<CommonParameters>]
Get-ADTServiceStartMode,Retrieves the startup mode of a specified service.,Get-ADTServiceStartMode [-Service] <ServiceController> [<CommonParameters>]
Get-ADTSession,Retrieves the most recent ADT session.,Get-ADTSession [<CommonParameters>]
Get-ADTShortcut,Get information from a .lnk or .url type shortcut.,Get-ADTShortcut [-LiteralPath] <String> [<CommonParameters>]
Get-ADTStringTable,Retrieves the string database from the ADT module.,Get-ADTStringTable [<CommonParameters>]
Get-ADTUniversalDate,Returns the date/time for the local culture in a universal sortable date time pattern. This function has been deprecated and will be removed from PSAppDeployToolkit 4.2.0.,Get-ADTUniversalDate [[-DateTime] <String>] [<CommonParameters>]
Get-ADTUserNotificationState,Gets the specified user's notification state.,Get-ADTUserNotificationState [<CommonParameters>]
Get-ADTUserProfiles,"Get the User Profile Path, User Account SID, and the User Account Name for all users that log onto the machine and also the Default User.",Get-ADTUserProfiles [-FilterScript] <ScriptBlock> [[-ExcludeNTAccount] <NTAccount[]>] [-IncludeSystemProfiles] [-IncludeServiceProfiles] [-IncludeIISAppPoolProfiles] [-ExcludeDefaultUser] [-LoadProfilePaths] [<CommonParameters>]
Get-ADTWindowTitle,Search for an open window title and return details about the window.,Get-ADTWindowTitle [[-WindowTitle] <String[]>] [[-WindowHandle] <IntPtr[]>] [[-ParentProcess] <String[]>] [<CommonParameters>]
Initialize-ADTFunction,Initializes the ADT function environment.,Initialize-ADTFunction [-Cmdlet] <PSCmdlet> [[-SessionState] <SessionState>] [<CommonParameters>]
Initialize-ADTModule,Initializes the ADT module by setting up necessary configurations and environment.,Initialize-ADTModule [[-ScriptDirectory] <String[]>] [[-AdditionalEnvironmentVariables] <IDictionary>] [<CommonParameters>]
Install-ADTMSUpdates,Install all Microsoft Updates in a given directory. This function has been deprecated and will be removed from PSAppDeployToolkit 4.2.0.,Install-ADTMSUpdates [-Directory] <String> [<CommonParameters>]
Install-ADTSCCMSoftwareUpdates,Scans for outstanding SCCM updates to be installed and installs the pending updates.,Install-ADTSCCMSoftwareUpdates [[-SoftwareUpdatesScanWaitInSeconds] <Nullable`1>] [[-WaitForPendingUpdatesTimeout] <TimeSpan>] [<CommonParameters>]
Invoke-ADTAllUsersRegistryAction,Set current user registry settings for all current users and any new users in the future.,Invoke-ADTAllUsersRegistryAction [-ScriptBlock] <ScriptBlock[]> [[-UserProfiles] <UserProfile[]>] [-SkipUnloadedProfiles] [<CommonParameters>]
Invoke-ADTCommandWithRetries,Drop-in replacement for any cmdlet/function where a retry is desirable due to transient issues.,Invoke-ADTCommandWithRetries [-Command] <Object> [[-Retries] <Nullable`1>] [[-SleepDuration] <TimeSpan>] [[-MaximumElapsedTime] <TimeSpan>] [[-SleepSeconds] <UInt32>] [[-Parameters] <IReadOnlyList`1>] [<CommonParameters>]
Invoke-ADTFunctionErrorHandler,Handles errors within ADT functions by logging and optionally passing through the error.,Invoke-ADTFunctionErrorHandler [-Cmdlet] <PSCmdlet> [-SessionState] <SessionState> [-ErrorRecord] <ErrorRecord> [[-LogMessage] <String>] [-ResolveErrorProperties] <String[]> [-AdditionalResolveErrorProperties] <String[]> [-DisableErrorResolving] [-Silent] [<CommonParameters>]
Invoke-ADTObjectMethod,Invoke method on any object.,Invoke-ADTObjectMethod [-InputObject] <Object> [-MethodName] <String> [[-ArgumentList] <Object[]>] [-Parameter] <Hashtable> [<CommonParameters>]
Invoke-ADTRegSvr32,Register or unregister a DLL file.,Invoke-ADTRegSvr32 [-FilePath] <String> [-Action] <String> [<CommonParameters>]
Invoke-ADTSCCMTask,Triggers SCCM to invoke the requested schedule task ID.,Invoke-ADTSCCMTask [-ScheduleId] <TriggerScheduleId> [<CommonParameters>]
Mount-ADTWimFile,Mounts a WIM file to a specified directory.,Mount-ADTWimFile [-ImagePath] <FileInfo> [-Path] <DirectoryInfo> [-Index] <Nullable`1> [-Name] <String> [-Force] [-PassThru] [<CommonParameters>]
New-ADTErrorRecord,Creates a new ErrorRecord object.,New-ADTErrorRecord [-Exception] <Exception> [-Category] <ErrorCategory> [[-ErrorId] <String>] [[-TargetObject] <Object>] [[-TargetName] <String>] [[-TargetType] <String>] [[-Activity] <String>] [[-Reason] <String>] [[-RecommendedAction] <String>] [<CommonParameters>]
New-ADTFolder,Create a new folder.,New-ADTFolder [-LiteralPath] <String> [<CommonParameters>]
New-ADTMsiTransform,Create a transform file for an MSI database.,New-ADTMsiTransform [-MsiPath] <String> [[-ApplyTransformPath] <String>] [[-NewTransformPath] <String>] [-TransformProperties] <Hashtable> [<CommonParameters>]
New-ADTShortcut,Creates a new .lnk or .url type shortcut.,New-ADTShortcut [-LiteralPath] <String> [-TargetPath] <String> [[-Arguments] <String>] [[-IconLocation] <String>] [[-IconIndex] <Nullable`1>] [[-Description] <String>] [[-WorkingDirectory] <String>] [[-WindowStyle] <String>] [-RunAsAdmin] [[-Hotkey] <String>] [<CommonParameters>]
New-ADTTemplate,"Creates a new folder containing a template front end and module folder, ready to customise.",New-ADTTemplate [[-Destination] <String>] [[-Name] <String>] [[-Version] <Int32>] [-Show] [-Force] [-PassThru] [<CommonParameters>]
New-ADTValidateScriptErrorRecord,Creates a new ErrorRecord for script validation errors.,New-ADTValidateScriptErrorRecord [-ParameterName] <String> [-ProvidedValue] <Object> [-ExceptionMessage] <String> [[-InnerException] <Exception>] [<CommonParameters>]
New-ADTZipFile,Create a new zip archive or add content to an existing archive.,New-ADTZipFile [-Path] <String[]> [-LiteralPath] <String[]> [-DestinationPath] <String> [[-CompressionLevel] <String>] [-Update] [-Force] [-RemoveSourceAfterArchiving] [<CommonParameters>]
Open-ADTSession,Opens a new ADT session.,Open-ADTSession [[-SessionState] <SessionState>] [[-DeploymentType] <DeploymentType>] [[-DeployMode] <DeployMode>] [-SuppressRebootPassThru] [-TerminalServerMode] [-DisableLogging] [[-AppVendor] <String>] [[-AppName] <String>] [[-AppVersion] <String>] [[-AppArch] <String>] [[-AppLang] <String>] [[-AppRevision] <String>] [[-AppScriptVersion] <Version>] [[-AppScriptDate] <DateTime>] [[-AppScriptAuthor] <String>] [[-InstallName] <String>] [[-InstallTitle] <String>] [[-DeployAppScriptFriendlyName] <String>] [[-DeployAppScriptVersion] <Version>] [[-DeployAppScriptParameters] <IReadOnlyDictionary`2>] [[-AppSuccessExitCodes] <Int32[]>] [[-AppRebootExitCodes] <Int32[]>] [[-AppProcessesToClose] <ProcessDefinition[]>] [-RequireAdmin] [[-ScriptDirectory] <String[]>] [[-DirFiles] <String>] [[-DirSupportFiles] <String>] [[-DefaultMsiFile] <String>] [[-DefaultMstFile] <String>] [[-DefaultMspFiles] <String[]>] [-DisableDefaultMsiProcessList] [-ForceMsiDetection] [-ForceWimDetection] [-NoSessionDetection] [-NoOobeDetection] [-NoProcessDetection] [-PassThru] [[-LogName] <String>] [[-SessionClass] <Type>] [[-UnboundArguments] <IReadOnlyList`1>] [<CommonParameters>]
Out-ADTPowerShellEncodedCommand,Encodes a PowerShell command into a Base64 string.,Out-ADTPowerShellEncodedCommand [-Command] <String> [<CommonParameters>]
Register-ADTDll,Register a DLL file.,Register-ADTDll [-FilePath] <String> [<CommonParameters>]
Remove-ADTContentFromCache,Removes the toolkit content from the cache folder on the local machine and reverts the $adtSession.DirFiles and $adtSession.SupportFiles directory.,Remove-ADTContentFromCache [[-LiteralPath] <String>] [<CommonParameters>]
Remove-ADTEdgeExtension,Removes an extension for Microsoft Edge using the ExtensionSettings policy.,Remove-ADTEdgeExtension [-ExtensionID] <String> [<CommonParameters>]
Remove-ADTEnvironmentVariable,Removes the specified environment variable.,Remove-ADTEnvironmentVariable [-Variable] <String> [[-Target] <EnvironmentVariableTarget>] [<CommonParameters>]
Remove-ADTFile,Removes one or more items from a given path on the filesystem.,Remove-ADTFile [-Path] <String[]> [-LiteralPath] <String[]> [-Recurse] [<CommonParameters>]
Remove-ADTFileFromUserProfiles,Removes one or more items from each user profile on the system.,Remove-ADTFileFromUserProfiles [-Path] <String[]> [-LiteralPath] <String[]> [-Recurse] [[-ExcludeNTAccount] <String[]>] [-ExcludeDefaultUser] [-IncludeSystemProfiles] [-IncludeServiceProfiles] [<CommonParameters>]
Remove-ADTFolder,Remove folder and files if they exist.,Remove-ADTFolder [-Path] <String[]> [-LiteralPath] <String[]> [-InputObject] <DirectoryInfo> [-DisableRecursion] [<CommonParameters>]
Remove-ADTHashtableNullOrEmptyValues,Removes any key/value pairs from the supplied hashtable where the value is null.,Remove-ADTHashtableNullOrEmptyValues [-Hashtable] <Hashtable> [<CommonParameters>]
Remove-ADTIniSection,Opens an INI file and removes the specified section.,Remove-ADTIniSection [-FilePath] <String> [-Section] <String> [<CommonParameters>]
Remove-ADTIniValue,Opens an INI file and removes the specified key or section.,Remove-ADTIniValue [-FilePath] <String> [-Section] <String> [[-Key] <String>] [<CommonParameters>]
Remove-ADTInvalidFileNameChars,Remove invalid characters from the supplied string.,Remove-ADTInvalidFileNameChars [-Name] <String> [<CommonParameters>]
Remove-ADTModuleCallback,Removes a callback function from the nominated hooking point.,Remove-ADTModuleCallback [-Hookpoint] <CallbackType> [-Callback] <CommandInfo[]> [<CommonParameters>]
Remove-ADTRegistryKey,Deletes the specified registry key or value.,Remove-ADTRegistryKey [-Path] <String> [-LiteralPath] <String> [[-Name] <String>] [-Wow6432Node] [-Recurse] [[-SID] <String>] [<CommonParameters>]
Reset-ADTDeferHistory,Reset the history of deferrals in the registry for the current application.,Reset-ADTDeferHistory [<CommonParameters>]
Resolve-ADTErrorRecord,Enumerates ErrorRecord details.,Resolve-ADTErrorRecord [-ErrorRecord] <ErrorRecord> [[-Property] <String[]>] [-ExcludeErrorRecord] [-ExcludeErrorInvocation] [-ExcludeErrorException] [-IncludeErrorInnerException] [<CommonParameters>]
Send-ADTKeys,Send a sequence of keys to one or more application windows.,Send-ADTKeys [-WindowTitle] <String> [-WindowHandle] <IntPtr> [-Keys] <String> [[-WaitSeconds] <Nullable`1>] [[-WaitDuration] <TimeSpan>] [<CommonParameters>]
Set-ADTActiveSetup,Creates an Active Setup entry in the registry to execute a file for each user upon login.,Set-ADTActiveSetup [-StubExePath] <String> [[-Arguments] <String>] [-Wow6432Node] [[-ExecutionPolicy] <ExecutionPolicy>] [[-Version] <String>] [[-Locale] <String>] [-DisableActiveSetup] [-PurgeActiveSetupKey] [-NoExecuteForCurrentUser] [-PassThru] [-Key] <String> [-Description] <String> [<CommonParameters>]
Set-ADTDeferHistory,Set the history of deferrals in the registry for the current application.,Set-ADTDeferHistory [[-DeferTimesRemaining] <Nullable`1>] [[-DeferDeadline] <DateTime>] [[-DeferRunInterval] <TimeSpan>] [[-DeferRunIntervalLastTime] <DateTime>] [<CommonParameters>]
Set-ADTEnvironmentVariable,Sets the value for the specified environment variable.,Set-ADTEnvironmentVariable [-Variable] <String> [-Value] <String> [[-Target] <EnvironmentVariableTarget>] [<CommonParameters>]
Set-ADTIniSection,Opens an INI file and sets the values of the specified section.,Set-ADTIniSection [-FilePath] <String> [-Section] <String> [-Content] <IDictionary> [-Overwrite] [-Force] [<CommonParameters>]
Set-ADTIniValue,Opens an INI file and sets the value of the specified section and key.,Set-ADTIniValue [-FilePath] <String> [-Section] <String> [-Key] <String> [-Value] <String> [-Force] [<CommonParameters>]
Set-ADTItemPermission,Allows you to easily change permissions on files or folders.,Set-ADTItemPermission [-LiteralPath] <String> [-AccessControlList] <FileSystemSecurity> [-User] <String[]> [-Permission] <FileSystemRights> [[-PermissionType] <AccessControlType>] [[-Inheritance] <InheritanceFlags>] [[-Propagation] <PropagationFlags>] [[-Method] <String>] [-DisableInheritance] [-EnableInheritance] [-RemoveExplicitRules] [<CommonParameters>]
Set-ADTMsiProperty,Set a property in the MSI property table.,Set-ADTMsiProperty [-Database] <__ComObject> [-PropertyName] <String> [-PropertyValue] <String> [<CommonParameters>]
Set-ADTPowerShellCulture,Changes the current thread's Culture and UICulture to the specified culture.,Set-ADTPowerShellCulture [-CultureInfo] <CultureInfo> [<CommonParameters>]
Set-ADTRegistryKey,"Creates or sets a registry key name, value, and value data.",Set-ADTRegistryKey [-LiteralPath] <String> [[-Name] <String>] [[-Value] <Object>] [[-Type] <RegistryValueKind>] [[-MultiStringValueMode] <MultiStringValueMode>] [-Wow6432Node] [[-RegistryOptions] <RegistryOptions>] [[-SID] <String>] [<CommonParameters>]
Set-ADTServiceStartMode,Set the service startup mode.,Set-ADTServiceStartMode [-Service] <ServiceController> [-StartMode] <String> [<CommonParameters>]
Set-ADTShortcut,Modifies a .lnk or .url type shortcut.,Set-ADTShortcut [-LiteralPath] <String> [[-TargetPath] <String>] [[-Arguments] <String>] [[-IconLocation] <String>] [[-IconIndex] <Nullable`1>] [[-Description] <String>] [[-WorkingDirectory] <String>] [[-WindowStyle] <String>] [-RunAsAdmin] [[-Hotkey] <String>] [<CommonParameters>]
Show-ADTBalloonTip,Displays a balloon tip notification in the system tray.,Show-ADTBalloonTip [-BalloonTipText] <String> [[-BalloonTipIcon] <ToolTipIcon>] [[-BalloonTipTime] <Nullable`1>] [-NoWait] [-Force] [-BalloonTipTitle] <String> [<CommonParameters>]
Show-ADTDialogBox,"Display a custom dialog box with optional title, buttons, icon, and timeout.",Show-ADTDialogBox [-Text] <String> [[-Buttons] <DialogBoxButtons>] [[-DefaultButton] <DialogBoxDefaultButton>] [[-Icon] <DialogBoxIcon>] [-NoWait] [-ExitOnTimeout] [-NotTopMost] [-Force] [-Title] <String> [[-Timeout] <UInt32>] [<CommonParameters>]
Show-ADTHelpConsole,Displays a help console for the ADT module.,Show-ADTHelpConsole [<CommonParameters>]
Show-ADTInstallationProgress,Displays a progress dialog in a separate thread with an updateable custom message.,Show-ADTInstallationProgress [[-StatusMessage] <String>] [[-StatusMessageDetail] <String>] [[-StatusBarPercentage] <Nullable`1>] [[-MessageAlignment] <DialogMessageAlignment>] [[-WindowLocation] <DialogPosition>] [-NotTopMost] [-AllowMove] [-Title] <String> [-Subtitle] <String> [<CommonParameters>]
Show-ADTInstallationPrompt,Displays a custom installation prompt with the toolkit branding and optional buttons.,Show-ADTInstallationPrompt [-RequestInput] [[-DefaultValue] <String>] [-Message] <String> [[-MessageAlignment] <DialogMessageAlignment>] [[-ButtonRightText] <String>] [[-ButtonLeftText] <String>] [[-ButtonMiddleText] <String>] [[-Icon] <DialogSystemIcon>] [[-WindowLocation] <DialogPosition>] [-NoWait] [-PersistPrompt] [-MinimizeWindows] [-NoExitOnTimeout] [-NotTopMost] [-AllowMove] [-Force] [-Title] <String> [-Subtitle] <String> [[-Timeout] <UInt32>] [<CommonParameters>]
Show-ADTInstallationRestartPrompt,Displays a restart prompt with a countdown to a forced restart.,Show-ADTInstallationRestartPrompt [-NoCountdown] [[-CountdownSeconds] <Nullable`1>] [[-CountdownNoHideSeconds] <Nullable`1>] [-SilentRestart] [[-SilentCountdownSeconds] <Nullable`1>] [[-WindowLocation] <DialogPosition>] [-CustomText] [-NotTopMost] [-AllowMove] [-Title] <String> [-Subtitle] <String> [<CommonParameters>]
Show-ADTInstallationWelcome,Show a welcome dialog prompting the user with information about the deployment and actions to be performed before the deployment can begin.,Show-ADTInstallationWelcome [-CloseProcesses] <ProcessDefinition[]> [-HideCloseButton] [-AllowDefer] [-AllowDeferCloseProcesses] [-Silent] [-CloseProcessesCountdown] <Nullable`1> [-ForceCloseProcessesCountdown] <Nullable`1> [-ForceCountdown] <Nullable`1> [[-DeferTimes] <Nullable`1>] [[-DeferDays] <Nullable`1>] [[-DeferDeadline] <DateTime>] [[-DeferRunInterval] <TimeSpan>] [[-WindowLocation] <DialogPosition>] [-BlockExecution] [-PromptToSave] [-PersistPrompt] [-MinimizeWindows] [-NoMinimizeWindows] [-NotTopMost] [-AllowMove] [-CustomText] [-CheckDiskSpace] [[-RequiredDiskSpace] <Nullable`1>] [-Title] <String> [-Subtitle] <String> [<CommonParameters>]
Start-ADTMsiProcess,"Executes msiexec.exe to perform actions such as install, uninstall, patch, repair, or active setup for MSI and MSP files or MSI product codes.",Start-ADTMsiProcess [[-Action] <String>] [-FilePath] <String> [-ProductCode] <Guid> [-InstalledApplication] <InstalledApplication> [[-ArgumentList] <String[]>] [[-AdditionalArgumentList] <String[]>] [-SecureArgumentList] [[-WorkingDirectory] <String>] [[-Transforms] <String[]>] [[-Patches] <String[]>] [-RunAsActiveUser] <RunAsActiveUser> [-UseLinkedAdminToken] [-UseHighestAvailableToken] [-InheritEnvironmentVariables] [-DenyUserTermination] [-UseUnelevatedToken] [-ExpandEnvironmentVariables] [[-LoggingOptions] <String>] [[-LogFileName] <String>] [[-RepairMode] <String>] [-RepairFromSource] [-SkipMSIAlreadyInstalledCheck] [-IncludeUpdatesAndHotfixes] [[-SuccessExitCodes] <Int32[]>] [[-RebootExitCodes] <Int32[]>] [[-IgnoreExitCodes] <String[]>] [[-PriorityClass] <ProcessPriorityClass>] [-ExitOnProcessFailure] [-NoDesktopRefresh] [-NoWait] [-PassThru] [<CommonParameters>]
Start-ADTMsiProcessAsUser,"Executes msiexec.exe to perform actions such as install, uninstall, patch, repair, or active setup for MSI and MSP files or MSI product codes.",Start-ADTMsiProcessAsUser [[-Username] <NTAccount>] [[-Action] <String>] [-FilePath] <String> [-ProductCode] <Guid> [-InstalledApplication] <InstalledApplication> [[-ArgumentList] <String[]>] [[-AdditionalArgumentList] <String[]>] [-SecureArgumentList] [[-WorkingDirectory] <String>] [[-Transforms] <String[]>] [[-Patches] <String[]>] [-UseLinkedAdminToken] [-UseHighestAvailableToken] [-InheritEnvironmentVariables] [-ExpandEnvironmentVariables] [-DenyUserTermination] [[-LoggingOptions] <String>] [[-LogFileName] <String>] [[-RepairMode] <String>] [-RepairFromSource] [-SkipMSIAlreadyInstalledCheck] [-IncludeUpdatesAndHotfixes] [[-SuccessExitCodes] <Int32[]>] [[-RebootExitCodes] <Int32[]>] [[-IgnoreExitCodes] <String[]>] [[-PriorityClass] <ProcessPriorityClass>] [-ExitOnProcessFailure] [-NoDesktopRefresh] [-NoWait] [-PassThru] [<CommonParameters>]
Start-ADTMspProcess,Executes an MSP file using the same logic as Start-ADTMsiProcess.,Start-ADTMspProcess [-FilePath] <String> [[-AdditionalArgumentList] <String[]>] [-SecureArgumentList] [-RunAsActiveUser] <RunAsActiveUser> [-UseLinkedAdminToken] [-UseHighestAvailableToken] [-InheritEnvironmentVariables] [-DenyUserTermination] [-UseUnelevatedToken] [-ExpandEnvironmentVariables] [[-LoggingOptions] <String>] [[-LogFileName] <String>] [[-SuccessExitCodes] <Int32[]>] [[-RebootExitCodes] <Int32[]>] [[-IgnoreExitCodes] <String[]>] [[-PriorityClass] <ProcessPriorityClass>] [-ExitOnProcessFailure] [-NoDesktopRefresh] [-NoWait] [-PassThru] [<CommonParameters>]
Start-ADTMspProcessAsUser,Executes an MSP file using the same logic as Start-ADTMsiProcess.,Start-ADTMspProcessAsUser [[-Username] <NTAccount>] [-FilePath] <String> [[-AdditionalArgumentList] <String[]>] [-UseLinkedAdminToken] [-UseHighestAvailableToken] [-InheritEnvironmentVariables] [-DenyUserTermination] [-ExpandEnvironmentVariables] [[-LoggingOptions] <String>] [[-LogFileName] <String>] [[-SuccessExitCodes] <Int32[]>] [[-RebootExitCodes] <Int32[]>] [[-IgnoreExitCodes] <String[]>] [[-PriorityClass] <ProcessPriorityClass>] [-ExitOnProcessFailure] [-NoDesktopRefresh] [-NoWait] [-PassThru] [<CommonParameters>]
Start-ADTProcess,"Execute a process with optional arguments, working directory, window style.",Start-ADTProcess [-FilePath] <String> [[-ArgumentList] <String[]>] [-SecureArgumentList] [[-WorkingDirectory] <String>] [-RunAsActiveUser] <RunAsActiveUser> [-UseLinkedAdminToken] [-UseHighestAvailableToken] [-InheritEnvironmentVariables] [-DenyUserTermination] [-UseUnelevatedToken] [-UseShellExecute] [[-Verb] <String>] [-ExpandEnvironmentVariables] [-WindowStyle] <ProcessWindowStyle> [-CreateNoWindow] [[-StreamEncoding] <Encoding>] [-NoStreamLogging] [-WaitForMsiExec] [[-MsiExecWaitTime] <TimeSpan>] [-WaitForChildProcesses] [-KillChildProcessesWithParent] [-Timeout] <TimeSpan> [[-TimeoutAction] <ActionPreference>] [-NoTerminateOnTimeout] [[-SuccessExitCodes] <Int32[]>] [[-RebootExitCodes] <Int32[]>] [[-IgnoreExitCodes] <String[]>] [[-PriorityClass] <ProcessPriorityClass>] [-ExitOnProcessFailure] [-NoWait] [-PassThru] [<CommonParameters>]
Start-ADTProcessAsUser,Invokes a process in another user's session.,Start-ADTProcessAsUser [[-Username] <NTAccount>] [-FilePath] <String> [[-ArgumentList] <String[]>] [-SecureArgumentList] [[-WorkingDirectory] <String>] [-UseLinkedAdminToken] [-UseHighestAvailableToken] [-InheritEnvironmentVariables] [-ExpandEnvironmentVariables] [-DenyUserTermination] [-WindowStyle] <ProcessWindowStyle> [-CreateNoWindow] [[-StreamEncoding] <Encoding>] [-NoStreamLogging] [-WaitForMsiExec] [[-MsiExecWaitTime] <TimeSpan>] [-WaitForChildProcesses] [-KillChildProcessesWithParent] [-Timeout] <TimeSpan> [[-TimeoutAction] <ActionPreference>] [-NoTerminateOnTimeout] [[-SuccessExitCodes] <Int32[]>] [[-RebootExitCodes] <Int32[]>] [[-IgnoreExitCodes] <String[]>] [[-PriorityClass] <ProcessPriorityClass>] [-ExitOnProcessFailure] [-NoWait] [-PassThru] [<CommonParameters>]
Start-ADTServiceAndDependencies,Start a Windows service and its dependencies.,Start-ADTServiceAndDependencies [-Name] <String> [-InputObject] <ServiceController> [-SkipDependentServices] [[-PendingStatusWait] <TimeSpan>] [-PassThru] [<CommonParameters>]
Stop-ADTServiceAndDependencies,Stop a Windows service and its dependencies.,Stop-ADTServiceAndDependencies [-Name] <String> [-InputObject] <ServiceController> [-SkipDependentServices] [[-PendingStatusWait] <TimeSpan>] [-PassThru] [<CommonParameters>]
Test-ADTBattery,Tests whether the local machine is running on AC power or not.,Test-ADTBattery [-PassThru] [<CommonParameters>]
Test-ADTCallerIsAdmin,Checks if the current user has administrative privileges.,Test-ADTCallerIsAdmin [<CommonParameters>]
Test-ADTEspActive,Checks if the device is currently within a device or user Enrollment Status Page (ESP) phase.,Test-ADTEspActive [<CommonParameters>]
Test-ADTMicrophoneInUse,Tests whether the device's microphone is in use.,Test-ADTMicrophoneInUse [<CommonParameters>]
Test-ADTModuleInitialized,Checks if the ADT (PSAppDeployToolkit) module is initialized.,Test-ADTModuleInitialized [<CommonParameters>]
Test-ADTMSUpdates,Test whether a Microsoft Windows update is installed.,Test-ADTMSUpdates [-KbNumber] <String> [<CommonParameters>]
Test-ADTMutexAvailability,"Wait, up to a timeout value, to check if current thread is able to acquire an exclusive lock on a system mutex.",Test-ADTMutexAvailability [-MutexName] <String> [[-MutexWaitTime] <TimeSpan>] [<CommonParameters>]
Test-ADTNetworkConnection,Tests for an active local network connection; ethernet/Wi-Fi by default but can test for a number of other connection types.,Test-ADTNetworkConnection [[-InterfaceType] <NetworkInterfaceType[]>] [<CommonParameters>]
Test-ADTOobeCompleted,Checks if the device's Out-of-Box Experience (OOBE) has completed or not.,Test-ADTOobeCompleted [<CommonParameters>]
Test-ADTPowerPoint,Tests whether PowerPoint is running in either fullscreen slideshow mode or presentation mode.,Test-ADTPowerPoint [<CommonParameters>]
Test-ADTRegistryValue,Test if a registry value exists.,Test-ADTRegistryValue [-Key] <String> [-Name] <Object> [[-SID] <String>] [-Wow6432Node] [<CommonParameters>]
Test-ADTServiceExists,Check to see if a service exists.,Test-ADTServiceExists [-Name] <String> [-UseCIM] [-PassThru] [<CommonParameters>]
Test-ADTSessionActive,Checks if there is an active ADT session.,Test-ADTSessionActive [<CommonParameters>]
Test-ADTUserIsBusy,"Tests whether the device's microphone is in use, the user has manually turned on presentation mode, or PowerPoint is running in either fullscreen slideshow mode or presentation mode.",Test-ADTUserIsBusy [<CommonParameters>]
Unblock-ADTAppExecution,Unblocks the execution of applications performed by the Block-ADTAppExecution function.,Unblock-ADTAppExecution [[-Tasks] <CimInstance[]>] [<CommonParameters>]
Uninstall-ADTApplication,"Removes one or more applications specified by name, filter script, or InstalledApplication object from Get-ADTApplication.",Uninstall-ADTApplication [-InstalledApplication] <InstalledApplication[]> [[-Name] <String[]>] [[-NameMatch] <String>] [[-ProductCode] <Guid[]>] [[-ApplicationType] <String>] [-IncludeUpdatesAndHotfixes] [[-FilterScript] <ScriptBlock>] [[-ArgumentList] <String[]>] [[-AdditionalArgumentList] <String[]>] [-SecureArgumentList] [[-LoggingOptions] <String>] [[-LogFileName] <String>] [-WaitForChildProcesses] [-KillChildProcessesWithParent] [[-SuccessExitCodes] <Int32[]>] [[-RebootExitCodes] <Int32[]>] [[-IgnoreExitCodes] <String[]>] [-ExitOnProcessFailure] [-PassThru] [<CommonParameters>]
Unregister-ADTDll,Unregister a DLL file.,Unregister-ADTDll [-FilePath] <String> [<CommonParameters>]
Update-ADTDesktop,"Refresh the Windows Explorer Shell, which causes the desktop icons and the environment variables to be reloaded.",Update-ADTDesktop [<CommonParameters>]
Update-ADTEnvironmentPsProvider,Updates the environment variables for the current PowerShell session with any environment variable changes that may have occurred during script execution.,Update-ADTEnvironmentPsProvider [-LoadLoggedOnUserEnvironmentVariables] [<CommonParameters>]
Update-ADTGroupPolicy,Performs a gpupdate command to refresh Group Policies on the local machine.,Update-ADTGroupPolicy [<CommonParameters>]
Write-ADTLogEntry,Write messages to a log file in CMTrace.exe compatible format or Legacy text file format.,Write-ADTLogEntry [-Message] <String[]> [[-Severity] <LogSeverity>] [[-Source] <String>] [[-ScriptSection] <String>] [[-LogType] <LogStyle>] [[-LogFileDirectory] <String>] [[-LogFileName] <String>] [[-HostLogStream] <HostLogStream>] [-PassThru] [-DebugMessage] [<CommonParameters>]
